{"cameraMode":{"drawMode":0,"name":"Shaded","section":"Shading Mode"},"sceneLighting":true,"audioPlay":false,"sceneViewState":{"m_AlwaysRefresh":false,"showFog":true,"showSkybox":true,"showFlares":true,"showImageEffects":true,"showParticleSystems":true,"showVisualEffectGraphs":true,"m_FxEnabled":true},"in2DMode":false,"pivot":{"x":12.97770881652832,"y":11.693878173828125,"z":-9.493461608886719},"rotation":{"x":-0.010499794967472554,"y":0.0014999168924987317,"z":0.00001574970519868657,"w":0.999943733215332},"size":6.565817832946777,"orthographic":true}